Code,Libellé,Synonymes,Couleur,Catégorie,Statut,Experimental,Commentaire,Délimitation Géographique
1341,MARSANNE B,non,Blanc,Cuve,valide depuis le 01/01/1900,Non,,Non
1583,SERVANT B,non,Blanc,Mixte,valide depuis le 01/01/1900,Non,délimitation départementale ajoutée,Oui
131,DALMASSO VI 6 B,non,Blanc,Multiplication,supprimé depuis le 01/01/2016,Non,,Non
1461,NEGRETTE N,non,Noir,Cuve,valide depuis le 01/01/1900,Non,,Non
1581,SEMILLON B,non,Blanc,Cuve,valide depuis le 01/01/1900,Non,,Non
2791,LIVAL N,non,Noir,Cuve,supprimé depuis le 01/01/2016,Non,,Non
1459,MUSCAT CENDRE B,non,Blanc,Cuve,valide depuis le 01/01/1900,Non,,Non
1458,MUSCATEDDU,non,Rouge,Cuve,valide depuis le 30/08/2022,Oui,,Non
2305,MOURVEDRE N,non,Noir,Cuve,valide depuis le 01/01/1900,Non,,Non
367,SANTA BARBARA RS,non,Rose,Multiplication,supprimé depuis le 01/01/2016,Non,,Non
1457,MUSCATS A PETITS GRAINS ROUGE RG,non,Rouge,Cuve,valide depuis le 01/01/1900,Non,,Non
2667,CRAVEIRO N,non,Noir,Multiplication,supprimé depuis le 01/01/2016,Non,,Non
1699,SEMEBAT N,non,Noir,Cuve,valide depuis le 01/01/1900,Non,,Non
2425,SELECT B,non,Blanc,Cuve,valide depuis le 01/01/1900,Non,,Non
1335,TOURBAT B,non,Blanc,Cuve,valide depuis le 01/01/1900,Non,,Non
2303,MOURVAISON N,non,Noir,Cuve,valide depuis le 01/01/1900,Non,,Non
2787,DANLAS B,non,Blanc,Cuve,supprimé depuis le 01/01/2016,Non,,Non
1697,SEGALIN N,non,Noir,Cuve,valide depuis le 01/01/1900,Non,,Non
1455,MUSCAT OTTONEL B,non,Blanc,Cuve,valide depuis le 01/01/1900,Non,,Non
2423,SAINT PIERRE DORE B,non,Blanc,Cuve,valide depuis le 01/01/1900,Non,,Non
2665,PANEA BIANCA B,non,Blanc,Multiplication,supprimé depuis le 01/01/2016,Non,,Non
1454,MELON ROUGE,non,Rouge,Cuve,valide depuis le 03/04/2020,Oui,,Non
245,CALABRE B,non,Blanc,Multiplication,supprimé depuis le 01/01/2016,Non,,Non
1575,GEWURZTRAMINER RS,non,Rose,Cuve,valide depuis le 01/01/1900,Non,,Non
0,CEPAGE NON RENSEIGNE,non,Indetermine,Interdit,supprimé depuis le 01/01/1900,Non,,Non
2421,SAINT MACAIRE N,non,Noir,Cuve,valide depuis le 01/01/1900,Non,,Non
1453,MUSCAT A PETITS GRAINS B,non,Blanc,Cuve,valide depuis le 01/01/1900,Non,,Non
363,SUAVIS B,non,Blanc,Multiplication,supprimé depuis le 01/01/2016,Non,,Non
2663,BLANQUEIRON B,non,Blanc,Multiplication,supprimé depuis le 01/01/2016,Non,,Non
1573,SAVAGNIN ROSE RS,non,Rose,Cuve,valide depuis le 01/01/1900,Non,,Non
2420,SAINT COME B,non,Blanc,Cuve,valide depuis le 01/01/1900,Non,,Non
2683,CROUCHEN B,non,Blanc,Cuve,valide depuis le 01/01/1900,Non,,Non
2441,TEINTURIER N,non,Noir,Multiplication,supprimé depuis le 01/01/2016,Non,,Non
141,FRANKENTHAL N,non,Noir,Multiplication,supprimé depuis le 01/01/2016,Non,,Non
1231,GAMAY DE BOUZE N,non,Noir,Cuve,valide depuis le 01/01/1900,Non,,Non
1230,GAMAY TEINTURIER,non,Indetermine,Multiplication,supprimé depuis le 01/01/2016,Non,,Non
1351,MAUZAC B,non,Blanc,Cuve,valide depuis le 01/01/1900,Non,,Non
1471,ONDENC B,non,Blanc,Cuve,valide depuis le 01/01/1900,Non,,Non
1591,SYRAH N,non,Noir,Cuve,valide depuis le 01/01/1900,Non,,Non
2316,MUSCAT CENDRE B,non,Blanc,Cuve,supprimé depuis le 01/01/2016,Non,,Non
2437,SYLVANER B,non,Blanc,Cuve,valide depuis le 01/01/1900,Non,,Non
2315,MUSCARDIN N,non,Noir,Cuve,valide depuis le 01/01/1900,Non,,Non
2677,COURBU NOIR N,non,Noir,Cuve,valide depuis le 01/01/1900,Non,,Non
1104,MONARCH,non,Noir,Cuve,valide depuis le 28/04/2017,Non,,Non
137,FOSTER'S W SEEDL B,non,Blanc,Multiplication,supprimé depuis le 01/01/2016,Non,,Non
2435,SERVANIN N,non,Noir,Cuve,valide depuis le 01/01/1900,Non,,Non
2313,MULLER THURGAU B,non,Blanc,Cuve,valide depuis le 01/01/1900,Non,,Non
135,DANUGUE N,non,Noir,Multiplication,supprimé depuis le 01/01/2016,Non,,Non
377,ARTURO MARESCAL.RG,non,Rouge,Multiplication,supprimé depuis le 01/01/2016,Non,,Non
1102,CABERNET CORTIS,non,Noir,Cuve,valide depuis le 28/04/2017,Non,,Non
2675,MECLE N,non,Noir,Cuve,supprimé depuis le 01/01/2016,Non,,Non
1101,CABERNET FRANC N,non,Noir,Cuve,valide depuis le 01/01/1900,Non,,Non
2795,RIBOL N,non,Noir,Cuve,supprimé depuis le 01/01/2016,Non,,Non
2674,MECLE N,non,Noir,Cuve,valide depuis le 01/01/2016,Non,,Non
2311,MOUYSSAGUES N,non,Noir,Cuve,valide depuis le 01/01/1900,Non,,Non
375,DIAMANTE NERO N,non,Noir,Multiplication,supprimé depuis le 01/01/2016,Non,,Non
2673,ONCHETTE N,non,Noir,Cuve,valide depuis le 28/04/2017,Non,,Non
1221,GAMAY N,non,Noir,Cuve,valide depuis le 01/01/1900,Non,,Non
2431,SCIACCARELLO N,non,Noir,Cuve,valide depuis le 01/01/1900,Non,,Non
2319,NEGRET DE BANHARS N,non,Noir,Cuve,valide depuis le 01/01/1900,Non,,Non
1000,DIVERS CUVE,non,Indetermine,Cuve,supprimé depuis le 01/01/2016,Non,,Non
1121,CALITOR BLANC B,non,Blanc,Multiplication,supprimé depuis le 01/01/2016,Non,,Non
2331,NOUAL B,non,Blanc,Cuve,valide depuis le 14/03/2018,Non,,Non
1241,GRAND NOIR DE  LA CALMETTE N,non,Noir,Cuve,valide depuis le 01/01/1900,Non,,Non
2451,TRESSALLIER,non,Indetermine,Multiplication,supprimé depuis le 01/01/2016,Non,,Non
1361,MERILLE N,non,Noir,Cuve,valide depuis le 01/01/1900,Non,,Non
2691,PETIT COURBU B,non,Blanc,Cuve,valide depuis le 01/01/1900,Non,,Non
1481,PETIT BOUSCHET N,non,Noir,Multiplication,supprimé depuis le 01/01/2016,Non,,Non
2327,NOIR HAT.MARSEIL N,non,Noir,Multiplication,supprimé depuis le 01/01/2016,Non,,Non
1237,GANSON N,non,Noir,Cuve,valide depuis le 01/01/1900,Non,,Non
2447,TOUSTAIN N,non,Noir,Multiplication,supprimé depuis le 01/01/2016,Non,,Non
1236,GAMINOT N,non,Noir,Cuve,valide depuis le 01/01/1900,Non,,Non
2325,NOIR FLEURIEN N,non,Noir,Cuve,valide depuis le 01/01/1900,Non,,Non
1235,GAMAY DE CHAUDENAY N,non,Noir,Cuve,valide depuis le 01/01/1900,Non,,Non
145,GIBI B,non,Blanc,Multiplication,supprimé depuis le 01/01/2016,Non,,Non
1355,MAUZAC NOIR N,non,Noir,Multiplication,supprimé depuis le 01/01/2016,Non,,Non
2323,NIELLUCCIO N,non,Noir,Cuve,valide depuis le 01/01/1900,Non,,Non
1233,GAMAY FREAUX N,non,Noir,Cuve,valide depuis le 01/01/1900,Non,,Non
2443,TEOULIER N,non,Noir,Cuve,valide depuis le 01/01/1900,Non,,Non
2685,TEMPRANILLO N,non,Noir,Cuve,valide depuis le 01/01/1900,Non,,Non
143,EPARSE B,non,Blanc,Multiplication,supprimé depuis le 01/01/2016,Non,,Non
1112,CABESTREL N,non,Noir,Cuve,valide depuis le 01/01/1900,Non,,Non
2201,GOUGET N,non,Noir,Cuve,valide depuis le 01/01/1900,Non,,Non
1353,MAUZAC ROSE RS,non,Rose,Cuve,valide depuis le 01/01/1900,Non,,Non
1111,CABERNET SAUVIGNON N,non,Noir,Cuve,valide depuis le 01/01/1900,Non,,Non
1011,ABOURIOU N,non,Noir,Cuve,valide depuis le 01/01/1900,Non,,Non
163,LUCIEN BALTET N,non,Noir,Multiplication,supprimé depuis le 01/01/2016,Non,,Non
1253,GRENACHE GRIS G,non,Gris,Cuve,valide depuis le 01/01/1900,Non,,Non
2463,FURMINT B,non,Blanc,Cuve,valide depuis le 01/01/1900,Non,,Non
1131,CARIGNAN BLANC B,non,Blanc,Cuve,valide depuis le 01/01/1900,Non,,Non
1373,MERLOT N,non,Noir,Cuve,valide depuis le 01/01/1900,Non,,Non
1010,DIVERS CUVE N,non,Noir,Cuve,valide depuis le 01/01/2016,Non,,Non
2341,PARDOTTE N,non,Noir,Cuve,valide depuis le 01/01/1900,Non,,Non
161,KHALILI B,non,Blanc,Multiplication,supprimé depuis le 01/01/2016,Non,,Non
1251,GRENACHE BLANC B,non,Blanc,Cuve,valide depuis le 01/01/1900,Non,,Non
1371,MERLOT BLANC B,non,Blanc,Cuve,valide depuis le 01/01/1900,Non,,Non
1491,PINEAU D'AUNIS N,non,Noir,Cuve,valide depuis le 01/01/1900,Non,,Non
1008,FIANO,non,Blanc,Cuve,valide depuis le 12/02/2021,Non,,Non
2337,PAGADEBITI B,non,Blanc,Cuve,valide depuis le 01/01/1900,Non,,Non
2215,GROS BEC N,non,Noir,Multiplication,supprimé depuis le 01/01/2016,Non,,Non
1005,DIVERS CUVE B,non,Blanc,Cuve,valide depuis le 01/01/2016,Non,,Non
1247,GRAMON N,non,Noir,Cuve,valide depuis le 01/01/1900,Non,,Non
2457,TROYEN N,non,Noir,Multiplication,supprimé depuis le 01/01/2016,Non,,Non
1125,CALITOR NOIR N,non,Noir,Cuve,valide depuis le 01/01/1900,Non,,Non
1245,LLEDONER PELUT N,non,Noir,Cuve,valide depuis le 01/01/1900,Non,,Non
2213,GENOUILLET N,non,Noir,Cuve,valide depuis le 01/01/1900,Non,,Non
1123,CALITOR GRIS G,non,Gris,Multiplication,supprimé depuis le 01/01/2016,Non,,Non
2454,TROUSSEAU GRIS G,non,Gris,Cuve,valide depuis le 01/01/1900,Non,,Non
2333,OEILLADE BOUSCHE N,non,Noir,Multiplication,supprimé depuis le 01/01/2016,Non,,Non
2453,TROUSSEAU N,non,Noir,Cuve,valide depuis le 01/01/1900,Non,,Non
155,LIGNAN B,non,Blanc,Multiplication,supprimé depuis le 01/01/2016,Non,,Non
2211,GREC RS,non,Rose,Multiplication,supprimé depuis le 01/01/2016,Non,,Non
1009,MAVRUD,non,Noir,Cuve,valide depuis le 01/01/2016,Non,,Non
2353,PERSAN N,non,Noir,Cuve,valide depuis le 01/01/1900,Non,,Non
1022,REZE,non,Blanc,Cuve,valide depuis le 01/01/2016,Non,,Non
2111,CESAR N,non,Noir,Cuve,valide depuis le 01/01/1900,Non,,Non
1143,CHASAN B,non,Blanc,Cuve,valide depuis le 01/01/1900,Non,,Non
1263,GROLLEAU GRIS G,non,Gris,Cuve,valide depuis le 01/01/1900,Non,,Non
2231,GUEUCHE N,non,Noir,Multiplication,supprimé depuis le 01/01/2016,Non,,Non
1021,ROBIN NOIR,non,Noir,Cuve,valide depuis le 01/01/2016,Non,,Non
1141,CHARDONNAY B,non,Blanc,Cuve,valide depuis le 01/01/1900,Non,,Non
2351,PELOURSIN N,non,Noir,Cuve,valide depuis le 12/02/2021,Non,,Non
1383,PETIT MESLIER B,non,Blanc,Cuve,valide depuis le 01/01/1900,Non,,Non
1020,ALICANTE HENRI BOUSCHET,non,Noir,Cuve,valide depuis le 01/01/1900,Non,,Non
2471,VERDESSE B,non,Blanc,Cuve,valide depuis le 01/01/1900,Non,,Non
1261,GROLLEAU N,non,Noir,Cuve,valide depuis le 01/01/1900,Non,,Non
1381,MESLIER SAINT-FRANCOIS B,non,Blanc,Cuve,valide depuis le 01/01/1900,Non,,Non
2107,CEP ROUGE N,non,Noir,Multiplication,supprimé depuis le 01/01/2016,Non,,Non
1018,SOUVIGNIER GRIS,non,Gris,Cuve,valide depuis le 28/04/2017,Non,,Non
1017,SOLARIS,non,Blanc,Cuve,valide depuis le 28/04/2017,Non,,Non
2105,CASTETS N,non,Noir,Cuve,valide depuis le 01/01/1900,Non,,Non
1016,PRIOR,non,Noir,Cuve,valide depuis le 28/04/2017,Non,,Non
2467,VERDELHO B,non,Blanc,Cuve,supprimé depuis le 01/01/2016,Non,,Non
1015,MUSCARIS,non,Blanc,Cuve,valide depuis le 28/04/2017,Non,,Non
2225,GLACIERE RG,non,Rouge,Multiplication,supprimé depuis le 01/01/2016,Non,,Non
1014,JOHANNITER,non,Blanc,Cuve,valide depuis le 28/04/2017,Non,,Non
2103,CARMENERE N,non,Noir,Cuve,valide depuis le 01/01/1900,Non,,Non
1135,CARIGNAN N,non,Noir,Cuve,valide depuis le 01/01/1900,Non,,Non
1255,GRENACHE N,non,Noir,Cuve,valide depuis le 01/01/1900,Non,,Non
1013,ALPHONS.LAVALLEE N,non,Noir,Cuve,supprimé depuis le 10/05/2017,Non,,Non
2465,VELTELINER ROUGE PRECOCE RS,non,Rose,Cuve,valide depuis le 01/01/1900,Non,,Non
2223,DOBRELABI N,non,Noir,Multiplication,supprimé depuis le 01/01/2016,Non,,Non
1133,CARIGNAN GRIS G,non,Gris,Cuve,valide depuis le 08/12/2018,Non,,Non
2343,PASCAL B,non,Blanc,Cuve,valide depuis le 01/01/1900,Non,,Non
2101,CARIGNAN BOUSCH N,non,Noir,Multiplication,supprimé depuis le 01/01/2016,Non,,Non
2001,ABONDANT B,non,Blanc,Cuve,valide depuis le 01/01/1900,Non,,Non
1153,CHASSEL.CIOUTAT B,non,Blanc,Multiplication,supprimé depuis le 01/01/2016,Non,,Non
2363,PICARDAN B,non,Blanc,Cuve,valide depuis le 01/01/1900,Non,,Non
2121,CHATUS N,non,Noir,Cuve,valide depuis le 01/01/1900,Non,,Non
1031,ALIGOTE B,non,Blanc,Cuve,valide depuis le 01/01/1900,Non,,Non
1151,CHASSELAS B,non,Blanc,Mixte,valide depuis le 01/01/1900,Non,délimitation départementale ajoutée,Oui
2361,PEURION B,non,Blanc,Multiplication,supprimé depuis le 01/01/2016,Non,,Non
2240,INRA 83-81 N,non,Noir,Multiplication,supprimé depuis le 01/01/2016,Non,,Non
1271,JACQUERE B,non,Blanc,Cuve,valide depuis le 01/01/1900,Non,,Non
1391,MEUNIER N,non,Noir,Cuve,valide depuis le 01/01/1900,Non,,Non
1028,BOUYSSELET B,non,Blanc,Cuve,valide depuis le 14/03/2018,Non,,Non
2117,CHAOUCH ROSE RS,non,Rose,Multiplication,supprimé depuis le 01/01/2016,Non,,Non
3205,OEILLADE NOIRE,non,Noir,Cuve,valide depuis le 03/04/2020,Non,,Non
1027,CEPAGE EXPERIMENTAL,non,Noir,Cuve,valide depuis le 07/04/2017,Oui,,Non
2237,HIBOU N,non,Noir,Cuve,valide depuis le 12/02/2021,Non,,Non
1026,GLERA,non,Blanc,Cuve,valide depuis le 12/02/2021,Non,,Non
2477,MUSCATS A PETITS GRAINS ROSE.RS,non,Rose,Cuve,valide depuis le 01/01/1900,Non,,Non
3203,ROSSULA BIANCA,non,Blanc,Cuve,valide depuis le 18/01/2022,Non,,Non
3202,NEGRET POUNJUT,non,Noir,Cuve,valide depuis le 12/02/2021,Non,,Non
2355,RIBIER N,non,Noir,Multiplication,supprimé depuis le 01/01/2016,Non,,Non
1265,GROS VERT B,non,Blanc,Mixte,valide depuis le 01/01/1900,Non,délimitation départementale ajoutée,Oui
2475,VERMENTINO B,non,Blanc,Cuve,valide depuis le 01/01/1900,Non,,Non
2233,GUILLEMOT B,non,Blanc,Multiplication,supprimé depuis le 01/01/2016,Non,,Non
3201,CUALTACCIU,non,Blanc,Cuve,valide depuis le 18/01/2022,Non,,Non
2253,LAUZET B,non,Blanc,Cuve,valide depuis le 01/01/1900,Non,,Non
2011,ARGANT N,non,Noir,Multiplication,supprimé depuis le 01/01/2016,Non,,Non
2131,CORBEAU N,non,Noir,Cuve,valide depuis le 01/01/1900,Non,,Non
2373,PLANT DROIT N,non,Noir,Cuve,valide depuis le 01/01/1900,Non,,Non
2010,VERDANEL B,non,Blanc,Cuve,valide depuis le 14/03/2018,Non,,Non
1042,CARRICANTE,non,Blanc,Cuve,valide depuis le 12/02/2021,Non,,Non
2251,LIMBERGER N,non,Noir,Multiplication,supprimé depuis le 01/01/2016,Non,,Non
1041,ALTESSE B,non,Blanc,Cuve,valide depuis le 01/01/1900,Non,,Non
2371,COUSTON N,non,Noir,Cuve,valide depuis le 01/01/1900,Non,,Non
1161,CHENIN B,non,Blanc,Cuve,valide depuis le 01/01/1900,Non,,Non
2370,PLANT DE BRUNEL N,non,Noir,Cuve,valide depuis le 01/01/1900,Non,,Non
2009,GRANITA N,non,Noir,Cuve,valide depuis le 01/01/1900,Non,,Non
1039,CHARDONNAY ROSE,non,Rose,Cuve,valide depuis le 03/04/2020,Oui,,Non
2007,ORBOIS B,non,Blanc,Cuve,valide depuis le 01/01/1900,Non,,Non
2127,COLOMBAUD B,non,Blanc,Cuve,valide depuis le 01/01/1900,Non,,Non
1159,CHENANSON N,non,Noir,Cuve,valide depuis le 01/01/1900,Non,,Non
2247,KNIPPERLE B,non,Blanc,Cuve,valide depuis le 01/01/1900,Non,,Non
1158,SERENEZE N,non,Noir,Cuve,valide depuis le 01/01/1900,Non,,Non
2005,ARBANE B,non,Blanc,Cuve,valide depuis le 01/01/1900,Non,,Non
2125,CLAVERIE B,non,Blanc,Cuve,valide depuis le 01/01/1900,Non,,Non
1157,CHASSEL.VIOLET RG,non,Rouge,Multiplication,supprimé depuis le 01/01/2016,Non,,Non
2003,ARAMON BOUSCHET N,non,Noir,Multiplication,supprimé depuis le 01/01/2016,Non,,Non
2245,JOUBERTIN N,non,Noir,Cuve,valide depuis le 01/01/1900,Non,,Non
1277,PRIMITIVO N,non,Noir,Cuve,valide depuis le 01/01/1900,Non,,Non
1156,CHASSELAS NOIR,non,Noir,Multiplication,supprimé depuis le 01/01/2016,Non,,Non
1155,CHASSELAS ROSE RS,non,Rose,Mixte,valide depuis le 01/01/1900,Non,délimitation départementale ajoutée,Oui
1034,PETITE SAINTE MARIE,non,Blanc,Cuve,valide depuis le 12/02/2021,Non,,Non
2365,PICARLAT,non,Noir,Cuve,valide depuis le 01/01/1900,Non,,Non
5999,VARIETE DE CUVE ETRANGERE,non,Indetermine,Cuve,supprimé depuis le 01/01/2016,Non,,Non
1055,ARAMON N,non,Noir,Cuve,valide depuis le 01/01/1900,Non,,Non
2023,ASPIRAN GRIS G,non,Gris,Multiplication,supprimé depuis le 01/01/2016,Non,,Non
2385,PROVAREAU N,non,Noir,Multiplication,supprimé depuis le 01/01/2016,Non,,Non
2143,DURAS N,non,Noir,Cuve,valide depuis le 01/01/1900,Non,,Non
3110,MONTEPULCIANO,non,Noir,Cuve,valide depuis le 03/04/2020,Non,,Non
2263,LISTAN B,non,Blanc,Cuve,valide depuis le 01/01/1900,Non,,Non
1053,ARAMON GRIS G,non,Gris,Cuve,valide depuis le 01/01/1900,Non,,Non
2021,ASPIRAN BOUSCHET N,non,Noir,Multiplication,supprimé depuis le 01/01/2016,Non,,Non
2141,COURBU B,non,Blanc,Cuve,valide depuis le 01/01/1900,Non,,Non
2383,PRECOCE BOUSQUET B,non,Blanc,Cuve,valide depuis le 01/01/1900,Non,,Non
1051,ARAMON BLANC B,non,Blanc,Cuve,valide depuis le 01/01/1900,Non,,Non
2261,LIGNAGE N,non,Noir,Multiplication,supprimé depuis le 01/01/2016,Non,,Non
1171,CINSAUT N,non,Noir,Cuve,valide depuis le 01/01/1900,Non,,Non
2381,POUGNET N,non,Noir,Multiplication,supprimé depuis le 01/01/2016,Non,,Non
1291,JURANCON BLANC B,non,Blanc,Cuve,valide depuis le 01/01/1900,Non,,Non
3108,CALABRESE N ,non,Noir,Cuve,valide depuis le 01/01/1900,Non,,Non
2017,ASPIRAN BLANC B,non,Blanc,Multiplication,supprimé depuis le 01/01/2016,Non,,Non
3105,DUNKELFELDER N,non,Noir,Cuve,supprimé depuis le 01/01/2016,Non,,Non
2137,COT DE CHERAGAS N,non,Noir,Multiplication,supprimé depuis le 01/01/2016,Non,,Non
2015,ARRUFIAC B,non,Blanc,Cuve,valide depuis le 01/01/1900,Non,,Non
2257,LEN DE L'EL B,non,Blanc,Cuve,valide depuis le 01/01/1900,Non,,Non
2014,CHOUCHILLON,non,Blanc,Cuve,valide depuis le 28/04/2017,Non,,Non
2135,CORNICHON VIOLET N,non,Noir,Multiplication,supprimé depuis le 01/01/2016,Non,,Non
2013,ARROUYA N,non,Noir,Cuve,valide depuis le 01/01/1900,Non,,Non
2255,LASCA N,non,Noir,Multiplication,supprimé depuis le 01/01/2016,Non,,Non
2155,ENFARINE N,non,Noir,Cuve,valide depuis le 12/02/2021,Non,,Non
2397,RAUSCHLING B,non,Blanc,Multiplication,supprimé depuis le 01/01/2016,Non,,Non
3002,AIREN B,non,Blanc,Cuve,valide depuis le 11/05/2017,Non,,Non
2033,BALZAC BLANC B,non,Blanc,Multiplication,supprimé depuis le 01/01/2016,Non,,Non
3001,ASSYRTIKO,non,Blanc,Cuve,valide depuis le 28/04/2017,Non,,Non
2395,RAISAINE B,non,Blanc,Cuve,valide depuis le 08/12/2018,Non,,Non
2153,TORRONTES Riojano,non,Blanc,Cuve,valide depuis le 18/01/2022,Oui,,Non
1185,CLAIRETTE ROSE RS,non,Rose,Cuve,valide depuis le 01/01/1900,Non,,Non
2031,AUXERROIS B,non,Blanc,Cuve,valide depuis le 01/01/1900,Non,,Non
2393,RAFFIAT DE MONCADE B,non,Blanc,Cuve,valide depuis le 01/01/1900,Non,,Non
2151,ELBLING B,non,Blanc,Cuve,valide depuis le 01/01/1900,Non,,Non
2271,MANCIN N,non,Noir,Cuve,valide depuis le 01/01/1900,Non,,Non
1061,AUBUN N,non,Noir,Cuve,valide depuis le 01/01/1900,Non,,Non
2391,PUTZSCHEERE B,non,Blanc,Multiplication,supprimé depuis le 01/01/2016,Non,,Non
1181,CLAIRETTE B,non,Blanc,Cuve,valide depuis le 01/01/1900,Non,,Non
2027,AUBIN VERT B,non,Blanc,Cuve,valide depuis le 01/01/1900,Non,,Non
2147,DURIF N,non,Noir,Cuve,valide depuis le 01/01/1900,Non,,Non
3114,GALOTTA N,non,Noir,Cuve,supprimé depuis le 01/01/2016,Non,,Non
2025,AUBIN B,non,Blanc,Cuve,valide depuis le 01/01/1900,Non,,Non
2387,PRUNELARD N,non,Noir,Cuve,valide depuis le 01/01/1900,Non,,Non
2145,DUREZA N,non,Noir,Cuve,valide depuis le 01/01/1900,Non,,Non
6400,VIDAL DIVERS,non,Indetermine,Cuve,supprimé depuis le 01/01/1900,Non,,Non
2045,BIA B,non,Blanc,Cuve,valide depuis le 01/01/1900,Non,,Non
2166,FERRADOU N,non,Noir,Cuve,valide depuis le 01/01/1900,Non,,Non
2287,MOLINERA GORDA RG,non,Rouge,Multiplication,supprimé depuis le 01/01/2016,Non,,Non
2165,FER N,non,Noir,Cuve,valide depuis le 01/01/1900,Non,,Non
2043,BEQUIGNOL N,non,Noir,Cuve,valide depuis le 01/01/1900,Non,,Non
2285,MOLETTE B,non,Blanc,Cuve,valide depuis le 01/01/1900,Non,,Non
2163,FARANAH B,non,Blanc,Multiplication,supprimé depuis le 01/01/2016,Non,,Non
3010,BARBERA N,non,Noir,Cuve,valide depuis le 01/01/1900,Non,,Non
2041,BENICARLO N,non,Noir,Multiplication,supprimé depuis le 01/01/2016,Non,,Non
2283,MILGRANET N,non,Noir,Cuve,valide depuis le 01/01/1900,Non,,Non
1193,COUNOISE N,non,Noir,Cuve,valide depuis le 01/01/1900,Non,,Non
2161,ETRAIRE DE LA DUI N,non,Noir,Cuve,valide depuis le 01/01/1900,Non,,Non
2281,MAROCAIN NOIR N,non,Noir,Multiplication,supprimé depuis le 01/01/2016,Non,,Non
1071,BAROQUE B,non,Blanc,Cuve,valide depuis le 01/01/1900,Non,,Non
1191,COLOMBARD B,non,Blanc,Cuve,valide depuis le 01/01/1900,Non,,Non
3008,PARELLADA B,non,Blanc,Cuve,valide depuis le 01/01/1900,Non,,Non
3006,ALVARINHO N,non,Noir,Cuve,supprimé depuis le 01/01/1900,Non,,Non
2038,BECLAN N,non,Noir,Cuve,valide depuis le 01/01/1900,Non,,Non
3005,ALICANTE BRANCO B,non,Blanc,Cuve,supprimé depuis le 01/01/1900,Non,,Non
2037,BECLAN (PETIT) N,non,Noir,Cuve,supprimé depuis le 01/01/2016,Non,,Non
2157,ESPANENC B,non,Blanc,Multiplication,supprimé depuis le 01/01/2016,Non,,Non
2036,BEAUGARAY N,non,Noir,Cuve,valide depuis le 01/01/1900,Non,,Non
2277,MANSONNET N,non,Noir,Multiplication,supprimé depuis le 01/01/2016,Non,,Non
2035,BARBAROUX RS,non,Rose,Cuve,valide depuis le 01/01/1900,Non,,Non
9902,3309 COUDERC,non,Indetermine,Multiplication,supprimé depuis le 01/01/2016,Non,,Non
9901,RUPESTRIS DU LOT,non,Indetermine,Multiplication,supprimé depuis le 01/01/1900,Non,,Non
6410,VIDAL DIVERS N,non,Noir,Cuve,supprimé depuis le 01/01/1900,Non,,Non
2177,ABONDANCE N,non,Noir,Multiplication,supprimé depuis le 01/01/2016,Non,,Non
2055,BOUILLET N,non,Noir,Cuve,valide depuis le 01/01/1900,Non,,Non
3023,FINDLING B,non,Blanc,Multiplication,supprimé depuis le 01/01/2016,Non,,Non
2297,MORRASTEL N,non,Noir,Cuve,valide depuis le 01/01/1900,Non,,Non
2175,BACHET N,non,Noir,Cuve,valide depuis le 01/01/1900,Non,,Non
2295,MORNEN N,non,Noir,Cuve,valide depuis le 01/01/1900,Non,,Non
2173,FRANC NOIR DE HAUTE-SAONE  N,non,Noir,Cuve,valide depuis le 01/01/1900,Non,,Non
3020,DORAL B,non,Blanc,Multiplication,supprimé depuis le 01/01/2016,Non,,Non
2051,BOBAL N,non,Noir,Multiplication,supprimé depuis le 01/01/2016,Non,,Non
2293,MONTILS B,non,Blanc,Cuve,valide depuis le 01/01/1900,Non,,Non
2171,FUELLA NERA N,non,Noir,Cuve,valide depuis le 01/01/1900,Non,,Non
1081,BOUCHALES N,non,Noir,Cuve,valide depuis le 01/01/1900,Non,,Non
2291,MOLLARD N,non,Noir,Cuve,valide depuis le 01/01/1900,Non,,Non
3019,DORNFELDER N,non,Noir,Cuve,supprimé depuis le 01/01/2016,Non,,Non
3016,CHARMONT B,non,Blanc,Multiplication,supprimé depuis le 01/01/2016,Non,,Non
2047,BLANC DAME B,non,Blanc,Cuve,valide depuis le 01/01/1900,Non,,Non
2167,FEUNATE N,non,Noir,Cuve,valide depuis le 01/01/1900,Non,,Non
6405,VIDAL DIVERS B,non,Blanc,Cuve,supprimé depuis le 01/01/1900,Non,,Non
6407,SELECT B,non,Blanc,Cuve,supprimé depuis le 01/01/1900,Non,,Non
6406,VIDAL BLANC B,non,Blanc,Cuve,valide depuis le 14/03/2018,Oui,,Non
1091,BOURBOULENC B,non,Blanc,Cuve,valide depuis le 01/01/1900,Non,,Non
6300,MALEGUE DIVERS,non,Indetermine,Cuve,supprimé depuis le 01/01/1900,Non,,Non
3035,XARELLO B,non,Blanc,Cuve,valide depuis le 01/01/1900,Non,,Non
2187,GENOVESE B,non,Blanc,Cuve,valide depuis le 01/01/1900,Non,,Non
3034,ARVINE B,non,Blanc,Cuve,valide depuis le 01/01/2016,Non,,Non
3033,SCHEUREBE B,non,Blanc,Multiplication,supprimé depuis le 01/01/2016,Non,,Non
2065,BOUTEILLAN NOIR N,non,Noir,Multiplication,supprimé depuis le 01/01/2016,Non,,Non
3032,KERNER B,non,Blanc,Multiplication,supprimé depuis le 01/01/2016,Non,,Non
2185,GASCON N,non,Noir,Cuve,valide depuis le 01/01/1900,Non,,Non
2063,CARCAJOLO NOIR N,non,Noir,Cuve,valide depuis le 01/01/1900,Non,,Non
2183,GARBESSO B,non,Blanc,Multiplication,supprimé depuis le 01/01/2016,Non,,Non
3030,ARVINE B,non,Blanc,Cuve,supprimé depuis le 01/01/2016,Non,,Non
2181,GAMAY PRECOCE N,non,Noir,Multiplication,supprimé depuis le 01/01/2016,Non,,Non
3029,NEBBIOLO N,non,Noir,Cuve,valide depuis le 01/01/1900,Non,,Non
3028,TINTA BARROCA ,non,Noir,Multiplication,valide depuis le 01/01/2016,Non,,Non
2059,BOUQUETTRAUBE B,non,Blanc,Cuve,valide depuis le 01/01/1900,Non,,Non
3027,TOURIGA NACIONAL N,non,Noir,Cuve,valide depuis le 01/01/1900,Non,,Non
2057,BOUQUET B,non,Blanc,Multiplication,supprimé depuis le 01/01/2016,Non,,Non
2191,GIBERT N,non,Noir,Cuve,valide depuis le 14/03/2018,Non,,Non
5100,JURIE,non,Indetermine,Multiplication,supprimé depuis le 01/01/2016,Non,,Non
6310,MALEGUE DIV. N,non,Noir,Cuve,supprimé depuis le 01/01/1900,Non,,Non
5101,1D10 B,non,Blanc,Cuve,valide depuis le 14/03/2018,Oui,,Non
5102,3G3 B,non,Blanc,Cuve,valide depuis le 14/03/2018,Non,,Non
5103,3B12 B,non,Blanc,Cuve,valide depuis le 14/03/2018,Oui,,Non
2077,BRUN ARGENTE N,non,Noir,Cuve,valide depuis le 01/01/1900,Non,,Non
3045,SAPERAVI N,non,Noir,Cuve,valide depuis le 01/01/1900,Non,,Non
2075,BREGIN N,non,Noir,Multiplication,supprimé depuis le 01/01/2016,Non,,Non
2195,GOUAIS B,non,Blanc,Multiplication,supprimé depuis le 01/01/2016,Non,,Non
2194,GORON DE BOVERNIER,non,Noir,Multiplication,valide depuis le 01/01/2016,Non,,Non
2073,EXBRAYAT N,non,Noir,Multiplication,supprimé depuis le 01/01/2016,Non,,Non
2193,GOLDRIESLING B,non,Blanc,Cuve,valide depuis le 01/01/1900,Non,,Non
3040,PRIMITIVO N,non,Noir,Cuve,supprimé depuis le 01/01/2016,Non,,Non
2071,BRACHET N,non,Noir,Cuve,valide depuis le 01/01/1900,Non,,Non
3039,ALVARINHO B,non,Blanc,Cuve,valide depuis le 01/01/1900,Non,,Non
3038,VERDEJO B,non,Blanc,Cuve,valide depuis le 28/04/2017,Non,,Non
3037,VERDELHO B,non,Blanc,Cuve,valide depuis le 01/01/2016,Non,,Non
3036,Xinomavro,non,Noir,Cuve,valide depuis le 29/05/2017,Non,,Non
6305,MALEGUE DIV. B,non,Blanc,Cuve,supprimé depuis le 01/01/1900,Non,,Non
2081,BRUN FOURCA N,non,Noir,Cuve,valide depuis le 01/01/1900,Non,,Non
6320,MEYNIEU DIVERS,non,Indetermine,Cuve,supprimé depuis le 01/01/1900,Non,,Non
5110,3322-339 N,non,Noir,Cuve,valide depuis le 14/03/2018,Oui,,Non
5111,3197-81 B,non,Blanc,Cuve,valide depuis le 14/03/2018,Oui,,Non
5112,3160-27-4 N,non,Noir,Cuve,valide depuis le 18/01/2022,Oui,,Non
6321,RAVAT BLANC B,non,Blanc,Cuve,supprimé depuis le 01/01/1900,Non,,Non
6200,JOHAN.SEYVE DIV.,non,Indetermine,Cuve,supprimé depuis le 01/01/1900,Non,,Non
6687,SAINTON B,non,Blanc,Multiplication,supprimé depuis le 01/01/2016,Non,,Non
5113,3179-90-7 N,non,Noir,Cuve,valide depuis le 18/01/2022,Oui,,Non
3057,AGIORGITIKO,non,Noir,Cuve,valide depuis le 28/04/2017,Non,,Non
2087,CAMARALET B,non,Blanc,Cuve,valide depuis le 01/01/1900,Non,,Non
3053,KADARKA N,non,Noir,Cuve,valide depuis le 01/01/1900,Non,,Non
2085,CABERNET MALBEC4 N,non,Noir,Multiplication,supprimé depuis le 01/01/2016,Non,,Non
5104,2E5 B,non,Blanc,Cuve,valide depuis le 14/03/2018,Oui,,Non
5105,3184-1-9 N,non,Noir,Cuve,valide depuis le 14/03/2018,Oui,,Non
5106,3176-21-11 N,non,Noir,Cuve,valide depuis le 14/03/2018,Oui,,Non
5107,3160-11-3 N,non,Noir,Cuve,valide depuis le 14/03/2018,Oui,,Non
5108,3159-2-12 B,non,Blanc,Cuve,valide depuis le 14/03/2018,Oui,,Non
5109,3196-57 B,non,Blanc,Cuve,valide depuis le 14/03/2018,Oui,,Non
2091,CAMARAOU BLANC B,non,Blanc,Multiplication,supprimé depuis le 01/01/2016,Non,,Non
6691,RAMI B,non,Blanc,Multiplication,supprimé depuis le 01/01/2016,Non,,Non
6210,JOHAN.SEYVE D. N,non,Noir,Cuve,supprimé depuis le 01/01/1900,Non,,Non
5000,HYBRID.DIV.CUVE,non,Indetermine,Cuve,supprimé depuis le 01/01/2016,Non,,Non
6330,MEYNIEU DIV. N,non,Noir,Cuve,supprimé depuis le 01/01/1900,Non,,Non
5001,ALICANTE TERR.20 N,non,Noir,Multiplication,supprimé depuis le 01/01/2016,Non,,Non
5003,AUXERROIS RUPES N,non,Noir,Multiplication,supprimé depuis le 01/01/2016,Non,,Non
5004,BRONNER,non,Blanc,Cuve,valide depuis le 02/05/2017,Non,,Non
5125,CHENIVESSE N,non,Noir,Multiplication,supprimé depuis le 01/01/2016,Non,,Non
2097,CARCAJOLO BLANC B,non,Blanc,Cuve,valide depuis le 01/01/1900,Non,,Non
2095,CANARI N,non,Noir,Multiplication,supprimé depuis le 01/01/2016,Non,,Non
3061,RODITIS,non,Gris,Cuve,valide depuis le 28/04/2017,Non,,Non
2093,CAMARAOU NOIR N,non,Noir,Multiplication,supprimé depuis le 01/01/2016,Non,,Non
3059,MOSCHOFILERO,non,Rose,Cuve,valide depuis le 28/04/2017,Non,,Non
5115,GAULOIS N,non,Noir,Multiplication,supprimé depuis le 01/01/2016,Non,,Non
6205,JOHAN.SEYVE D. B,non,Blanc,Cuve,supprimé depuis le 01/01/1900,Non,,Non
6325,MEYNIEU DIV. B,non,Blanc,Cuve,supprimé depuis le 01/01/1900,Non,,Non
5117,CYNTHIANA N,non,Noir,Multiplication,supprimé depuis le 01/01/2016,Non,,Non
6340,OBERLIN DIVERS,non,Indetermine,Cuve,supprimé depuis le 01/01/2016,Non,,Non
5130,SAUVIGNAC,non,Blanc,Cuve,valide depuis le 03/04/2020,Non,,Non
5010,HYBRID.CUVE B,non,Blanc,Cuve,supprimé depuis le 01/01/1900,Non,,Non
6100,COUDERC DIVERS,non,Indetermine,Cuve,supprimé depuis le 01/01/1900,Non,,Non
6341,OBERLIN N,non,Noir,Cuve,valide depuis le 01/01/1900,Non,,Non
5011,BOGNI 15 B,non,Blanc,Multiplication,supprimé depuis le 01/01/2016,Non,,Non
6220,KUHLMANN DIVERS,non,Indetermine,Cuve,supprimé depuis le 01/01/1900,Non,,Non
5133,FLEURTAI,non,Blanc,Cuve,valide depuis le 03/04/2020,Non,,Non
5012,Soreli,non,Blanc,Cuve,valide depuis le 02/05/2017,Non,,Non
5134,UD 31-125,non,Rouge,Cuve,valide depuis le 03/04/2020,Non,,Non
5013,IJ 58 N,non,Noir,Cuve,valide depuis le 02/05/2017,Oui,,Non
5135,SIRANO,non,Rouge,Cuve,valide depuis le 03/04/2020,Non,,Non
5014,IJ 134 N,non,Noir,Cuve,valide depuis le 02/05/2017,Oui,,Non
6225,KUHLMANN DIV. B,non,Blanc,Cuve,supprimé depuis le 01/01/1900,Non,,Non
5136,COL 1382L,non,Rouge,Cuve,valide depuis le 03/04/2020,Oui,,Non
5015,CHAMBAUDIERE 442 N,non,Noir,Multiplication,supprimé depuis le 01/01/2016,Non,,Non
6345,OBERLIN DIV. B,non,Blanc,Cuve,supprimé depuis le 01/01/1900,Non,,Non
3075,FETEASCA NEAGRA N,non,Noir,Multiplication,valide depuis le 01/01/2016,Non,,Non
5005,DIVICO N,non,Noir,Cuve,valide depuis le 29/03/2019,Non,variÃÂÃÂ©tÃÂÃÂ© du canton de GenÃÂÃÂ¨ve en Suisse,Oui
5006,Cabernet Blanc,non,Blanc,Cuve,valide depuis le 02/05/2017,Non,,Non
6215,CHAMBOURCIN N,non,Noir,Cuve,valide depuis le 01/01/1900,Non,,Non
5007,BLACK DEFIANCE N,non,Noir,Multiplication,supprimé depuis le 01/01/2016,Non,,Non
5008,PINOTIN,non,Noir,Cuve,valide depuis le 02/05/2017,Non,,Non
5009,SAPHIRA,non,Blanc,Cuve,valide depuis le 02/05/2017,Non,,Non
5140,LILARO,non,Rouge,Cuve,valide depuis le 03/04/2020,Non,,Non
6230,KUHLMANN DIV. N,non,Noir,Cuve,supprimé depuis le 01/01/1900,Non,,Non
3082,GAMARET N,non,Noir,Cuve,valide depuis le 01/01/1900,Non,,Non
6350,OBERLIN DIV. N,non,Noir,Cuve,supprimé depuis le 01/01/1900,Non,,Non
5141,COL 2854K,non,Rouge,Cuve,valide depuis le 03/04/2020,Oui,,Non
5020,HYBRID.CUVE N,non,Noir,Cuve,supprimé depuis le 01/01/1900,Non,,Non
5021,CUNNINGHAM RS,non,Rose,Multiplication,supprimé depuis le 01/01/2016,Non,,Non
5143,SELENOR,non,Blanc,Cuve,valide depuis le 28/06/2022,Non,,Non
6110,COUDERC DIV B,non,Blanc,Cuve,supprimé depuis le 01/01/1900,Non,,Non
5022,FLOREAL B,non,Blanc,Cuve,valide depuis le 14/03/2018,Non,,Non
5023,VOLTIS B,non,Blanc,Cuve,valide depuis le 14/03/2018,Non,,Non
6233,LEON MILLOT N,non,Noir,Cuve,valide depuis le 01/01/1900,Non,,Non
5024,ARTABAN N,non,Noir,Cuve,valide depuis le 14/03/2018,Non,,Non
5025,VIDOC N,non,Noir,Cuve,valide depuis le 14/03/2018,Non,,Non
3084,DIOLINOIR N,non,Noir,Multiplication,supprimé depuis le 01/01/2016,Non,,Non
3083,GARANOIR N,non,Noir,Multiplication,supprimé depuis le 01/01/2016,Non,,Non
5016,Col-2007G B,non,Blanc,Cuve,valide depuis le 02/05/2017,Oui,,Non
5137,COL 2884L,non,Rouge,Cuve,valide depuis le 03/04/2020,Oui,,Non
6227,MARECHAL FOCH N,non,Noir,Cuve,valide depuis le 01/01/1900,Non,,Non
5017,CONCORD N,non,Noir,Multiplication,supprimé depuis le 01/01/2016,Non,,Non
5138,OPALOR,non,Blanc,Cuve,valide depuis le 03/04/2020,Non,,Non
804,PERDIN B,non,Blanc,Table,supprimé depuis le 01/01/1900,Non,,Non
5018,CALARDIS BLANC,non,Blanc,Cuve,valide depuis le 18/01/2022,Oui,,Non
5139,COLIRIS,non,Rouge,Cuve,valide depuis le 03/04/2020,Non,,Non
805,ALVAL N,non,Noir,Table,supprimé depuis le 01/01/1900,Non,,Non
802,AMANDIN B,non,Blanc,Table,supprimé depuis le 01/01/1900,Non,,Non
803,CANDIN B,non,Blanc,Table,supprimé depuis le 01/01/1900,Non,,Non
801,ALADIN N,non,Noir,Table,supprimé depuis le 01/01/1900,Non,,Non
6120,COUDERC DIV N,non,Noir,Cuve,supprimé depuis le 01/01/1900,Non,,Non
9993,JACQUEZ N,non,Noir,Interdit,valide depuis le 01/01/1900,Non,,Non
5031,FAUCONNEAU 1 N,non,Noir,Multiplication,supprimé depuis le 01/01/2016,Non,,Non
9994,CLINTON N,non,Noir,Interdit,valide depuis le 01/01/1900,Non,,Non
6001,BACO NOIR N,non,Noir,Multiplication,supprimé depuis le 01/01/2016,Non,,Non
9991,OTHELLO N,non,Noir,Interdit,valide depuis le 01/01/1900,Non,,Non
3090,CORNALIN N,non,Noir,Multiplication,supprimé depuis le 01/01/2016,Non,,Non
5033,HUMBERT CHAPON 3 N,non,Noir,Multiplication,supprimé depuis le 01/01/2016,Non,,Non
6000,BACO DIVERS,non,Indetermine,Cuve,supprimé depuis le 01/01/1900,Non,,Non
9992,ISABELLE N,non,Noir,Interdit,valide depuis le 01/01/1900,Non,,Non
6003,BACO DIVERS N,non,Noir,Cuve,supprimé depuis le 01/01/1900,Non,,Non
6365,PERRATON DIV. B,non,Blanc,Cuve,supprimé depuis le 01/01/1900,Non,,Non
5035,HYBRIDE BOIZIAU N,non,Noir,Cuve,supprimé depuis le 01/01/1900,Non,,Non
9998,PLANTER NON GREFFE,non,Blanc,Cuve,valide depuis le 01/01/2016,Non,code à utiliser pour les plantations de raçinés,Non
9995,HERBEMONT N,non,Noir,Interdit,valide depuis le 01/01/1900,Non,,Non
6005,BACO BLANC B,non,Blanc,Cuve,valide depuis le 01/01/1900,Non,,Non
9990,NOAH B,non,Blanc,Interdit,valide depuis le 01/01/1900,Non,,Non
6360,PERRATON DIVERS,non,Indetermine,Cuve,supprimé depuis le 01/01/1900,Non,,Non
5027,EXCELSIOR GUILLY B,non,Blanc,Multiplication,supprimé depuis le 01/01/2016,Non,,Non
813,CHICHAUD,non,Noir,Cuve,valide depuis le 12/02/2021,Non,,Non
814,DOUSSET,non,Noir,Cuve,valide depuis le 12/02/2021,Non,,Non
5041,JOUSSELY 2 N,non,Noir,Multiplication,supprimé depuis le 01/01/2016,Non,,Non
6131,COUDERC NOIR N,non,Noir,Cuve,valide depuis le 01/01/1900,Non,,Non
6010,BACO DIVERS B,non,Blanc,Cuve,supprimé depuis le 01/01/1900,Non,,Non
5045,PERBOS 48 B,non,Blanc,Multiplication,supprimé depuis le 01/01/2016,Non,,Non
709,DABOUKI B,non,Blanc,Table,supprimé depuis le 01/01/1900,Non,,Non
5047,3 RUDELIN B,non,Blanc,Multiplication,supprimé depuis le 01/01/2016,Non,,Non
6370,PERRATON DIV. N,non,Noir,Cuve,supprimé depuis le 01/01/1900,Non,,Non
700,DIVERS TABLE,non,Indetermine,Table,supprimé depuis le 01/01/1900,Non,,Non
707,CARDINAL RG,non,Rouge,Mixte,valide depuis le 01/01/2016,Non,délimitation départementale ajoutée,Oui
708,CENTENNIAL SEEDL B,non,Blanc,Table,supprimé depuis le 01/01/1900,Non,,Non
9999,CEPAGE INCONNU,non,Indetermine,Mixte,supprimé depuis le 01/01/2016,Non,,Non
705,MAD.ANGE.OBERLIN B,non,Blanc,Table,supprimé depuis le 01/01/1900,Non,,Non
703,ALPHONSE LAVALLEE N,non,Noir,Mixte,valide depuis le 01/01/2016,Non,délimitation départementale ajoutée,Oui
704,ATTIKI N,non,Noir,Table,supprimé depuis le 01/01/1900,Non,,Non
701,ADMIRABLE COURT B,non,Blanc,Table,supprimé depuis le 01/01/1900,Non,,Non
5053,YORK MADEIRA N,non,Noir,Multiplication,supprimé depuis le 01/01/2016,Non,,Non
6020,BERTIL.SEYVE D.,non,Indetermine,Cuve,supprimé depuis le 01/01/1900,Non,,Non
6265,LANDAL N,non,Noir,Cuve,valide depuis le 01/01/1900,Non,,Non
6385,RAVAT DIVERS B,non,Blanc,Cuve,supprimé depuis le 01/01/1900,Non,,Non
5055,FONTAN N,non,Noir,Multiplication,supprimé depuis le 01/01/2016,Non,,Non
6025,BERTIL.SEYVE D B,non,Blanc,Cuve,supprimé depuis le 01/01/1900,Non,,Non
6145,GAILLARD DIV B,non,Blanc,Cuve,supprimé depuis le 01/01/1900,Non,,Non
7115,COLOBEL N,non,Noir,Cuve,valide depuis le 01/01/1900,Non,,Non
6380,RAVAT DIVERS,non,Indetermine,Cuve,supprimé depuis le 01/01/1900,Non,,Non
6140,GAILLARD DIVERS,non,Indetermine,Cuve,supprimé depuis le 01/01/1900,Non,,Non
6260,LANDOT DIVERS,non,Indetermine,Cuve,supprimé depuis le 01/01/1900,Non,,Non
6381,RAVAT BLANC B,non,Blanc,Cuve,valide depuis le 01/01/1900,Non,,Non
711,DATTIER BEYROUTH B,non,Blanc,Table,supprimé depuis le 01/01/1900,Non,,Non
719,MADEL.ANGEVINE B,non,Blanc,Table,supprimé depuis le 01/01/1900,Non,,Non
717,MADELEINES B,non,Blanc,Table,supprimé depuis le 01/01/1900,Non,,Non
715,JAOUMET B,non,Blanc,Table,supprimé depuis le 01/01/1900,Non,,Non
713,GROS VERT B,non,Blanc,Table,supprimé depuis le 01/01/1900,Non,,Non
7000,SEIBEL DIVERS,non,Indetermine,Cuve,supprimé depuis le 01/01/2016,Non,,Non
5065,CANADA N,non,Noir,Multiplication,supprimé depuis le 01/01/2016,Non,,Non
5067,SENASQUA N,non,Noir,Multiplication,supprimé depuis le 01/01/2016,Non,,Non
6270,LANDOT DIVERS B,non,Blanc,Cuve,supprimé depuis le 01/01/1900,Non,,Non
6390,RAVAT DIVERS N,non,Noir,Cuve,supprimé depuis le 01/01/1900,Non,,Non
5061,TAYLOR N,non,Noir,Multiplication,supprimé depuis le 01/01/2016,Non,,Non
6030,BERTIL.SEYVE D N,non,Noir,Cuve,supprimé depuis le 01/01/1900,Non,,Non
6150,GAILLARD DIV N,non,Noir,Cuve,supprimé depuis le 01/01/2016,Non,,Non
721,MADELEINE CELINE B,non,Blanc,Table,supprimé depuis le 01/01/1900,Non,,Non
722,MADELEINE DE CLERMONT B,non,Blanc,Table,supprimé depuis le 01/01/1900,Non,,Non
729,MUSCATS DIV.TAB.,non,Blanc,Table,supprimé depuis le 01/01/1900,Non,,Non
727,MIREILLE B,non,Blanc,Table,supprimé depuis le 01/01/1900,Non,,Non
725,MADELEINE ROYALE B,non,Blanc,Table,supprimé depuis le 01/01/1900,Non,,Non
8101,VALERIEN B,non,Blanc,Cuve,valide depuis le 01/01/1900,Non,,Non
7131,SEINOIR N,non,Noir,Cuve,valide depuis le 01/01/1900,Non,,Non
7010,SEIBEL DIV. B,non,Blanc,Cuve,supprimé depuis le 01/01/1900,Non,,Non
5075,DUCHESS B,non,Blanc,Multiplication,supprimé depuis le 01/01/2016,Non,,Non
6045,BURDIN DIVERS B,non,Blanc,Cuve,supprimé depuis le 01/01/1900,Non,,Non
6165,GALI.COULON D. B,non,Blanc,Cuve,supprimé depuis le 01/01/1900,Non,,Non
6160,GALI.COULON DIV.,non,Indetermine,Cuve,supprimé depuis le 01/01/1900,Non,,Non
6280,LANDOT DIVERS N,non,Noir,Cuve,supprimé depuis le 01/01/1900,Non,,Non
6040,BURDIN DIVERS,non,Indetermine,Cuve,supprimé depuis le 01/01/1900,Non,,Non
5073,ELVIRA B,non,Blanc,Multiplication,supprimé depuis le 01/01/2016,Non,,Non
1701,ARRILOBA B,non,Blanc,Cuve,valide depuis le 01/01/1900,Non,,Non
733,MUSCAT HAMBOURG N,non,Noir,Table,supprimé depuis le 01/01/1900,Non,,Non
731,MUSCAT ALEXANDR.B,non,Blanc,Table,supprimé depuis le 01/01/1900,Non,,Non
1709,EDERENA N,non,Noir,Multiplication,supprimé depuis le 01/01/2016,Non,,Non
1707,CLARIN B,non,Blanc,Cuve,valide depuis le 01/01/1900,Non,,Non
739,OLIVETTE BLANCHE B,non,Blanc,Table,supprimé depuis le 01/01/1900,Non,,Non
1705,CALADOC N,non,Noir,Cuve,valide depuis le 01/01/1900,Non,,Non
737,OLIVETTES,non,Indetermine,Multiplication,supprimé depuis le 01/01/2016,Non,,Non
735,REINE DES VIGNES B,non,Blanc,Table,supprimé depuis le 01/01/1900,Non,,Non
7143,AMBROR B,non,Blanc,Multiplication,supprimé depuis le 01/01/2016,Non,,Non
8111,VAROUSSET N,non,Noir,Cuve,valide depuis le 01/01/1900,Non,,Non
5080,CHEVALLIER DIV.,non,Indetermine,Multiplication,supprimé depuis le 01/01/2016,Non,,Non
6050,BURDIN DIVERS N,non,Noir,Cuve,supprimé depuis le 01/01/1900,Non,,Non
6170,GALI.COULON D. N,non,Noir,Cuve,supprimé depuis le 01/01/1900,Non,,Non
7020,SEIBEL DIV. N,non,Noir,Cuve,supprimé depuis le 01/01/1900,Non,,Non
1711,ARANEL B,non,Blanc,Cuve,valide depuis le 01/01/1900,Non,,Non
749,ITALIA B,non,Blanc,Table,supprimé depuis le 01/01/1900,Non,,Non
1717,BIANCU GENTILE B,non,Blanc,Cuve,valide depuis le 01/01/1900,Non,,Non
747,PERLE DE CSABA B,non,Blanc,Table,supprimé depuis le 01/01/1900,Non,,Non
1715,EKIGAINA N,non,Noir,Cuve,valide depuis le 01/01/1900,Non,,Non
748,CARLA B,non,Blanc,Table,supprimé depuis le 01/01/1900,Non,,Non
745,OLIVETTE NOIRE N,non,Noir,Table,supprimé depuis le 01/01/1900,Non,,Non
1713,MARSELAN N,non,Noir,Cuve,valide depuis le 01/01/1900,Non,,Non
746,ALVINA N,non,Noir,Table,supprimé depuis le 01/01/1900,Non,,Non
7153,CHELOIS N,non,Noir,Multiplication,supprimé depuis le 01/01/2016,Non,,Non
8000,SEYVE VILLARD D.,non,Indetermine,Cuve,supprimé depuis le 01/01/1900,Non,,Non
5093,PRESIDENT CARNOT B,non,Blanc,Multiplication,supprimé depuis le 01/01/2016,Non,,Non
754,MADINA B,non,Blanc,Table,supprimé depuis le 01/01/1900,Non,,Non
1722,TARDIF N,non,Noir,Cuve,valide depuis le 14/03/2018,Non,,Non
1601,TANNAT N,non,Noir,Cuve,valide depuis le 01/01/1900,Non,,Non
755,SULTANINE B,non,Blanc,Table,supprimé depuis le 01/01/1900,Non,,Non
752,EXALTA B,non,Blanc,Table,supprimé depuis le 01/01/1900,Non,,Non
1721,MURESCONU N,non,Noir,Cuve,valide depuis le 01/01/1900,Non,,Non
753,PANSE PRECOCE B,non,Blanc,Table,supprimé depuis le 01/01/1900,Non,,Non
750,DANUTA B,non,Blanc,Table,supprimé depuis le 01/01/1900,Non,,Non
751,SERVANT B,non,Blanc,Table,supprimé depuis le 01/01/1900,Non,,Non
758,ITALIA RUBI RG,non,Rouge,Table,supprimé depuis le 01/01/1900,Non,,Non
759,MICHEL TOMPA B,non,Blanc,Multiplication,supprimé depuis le 01/01/2016,Non,,Non
756,CANNER SEEDLESS B,non,Blanc,Table,supprimé depuis le 01/01/1900,Non,,Non
757,VALENSI N,non,Noir,Table,supprimé depuis le 01/01/1900,Non,,Non
8013,SEYVAL B,non,Blanc,Cuve,valide depuis le 01/01/1900,Non,,Non
7047,RAYON D'OR B,non,Blanc,Cuve,valide depuis le 01/01/1900,Non,,Non
8010,SEYVE VIL.DIV.B,non,Blanc,Cuve,supprimé depuis le 01/01/1900,Non,,Non
6071,FLORENTAL N,non,Noir,Cuve,valide depuis le 01/01/1900,Non,,Non
7163,RUBILANDE RS,non,Rose,Cuve,valide depuis le 01/01/1900,Non,,Non
765,CHASSEL.CIOUTAT B,non,Blanc,Table,supprimé depuis le 01/01/1900,Non,,Non
1613,TERRET GRIS G,non,Gris,Cuve,valide depuis le 01/01/1900,Non,,Non
403,SAN MARTINO B,non,Blanc,Multiplication,supprimé depuis le 01/01/2016,Non,,Non
766,CHASSELAS MUSCAT B,non,Blanc,Table,supprimé depuis le 01/01/1900,Non,,Non
1611,TERRET BLANC B,non,Blanc,Cuve,valide depuis le 01/01/1900,Non,,Non
763,CHASSELAS B,non,Blanc,Table,supprimé depuis le 01/01/1900,Non,,Non
401,SABALKANSKOI RG,non,Rouge,Multiplication,supprimé depuis le 01/01/2016,Non,,Non
760,SERNA INTA RS,non,Rose,Table,supprimé depuis le 01/01/1900,Non,,Non
2707,CARDINAL RG,non,Rouge,Cuve,supprimé depuis le 01/01/2016,Non,,Non
769,CHASSEL.VIOLET RG,non,Rouge,Multiplication,supprimé depuis le 01/01/2016,Non,,Non
1616,FELEN,non,Blanc,Cuve,valide depuis le 12/02/2021,Non,,Non
767,CHASSELAS ROSE RS,non,Rose,Table,supprimé depuis le 01/01/1900,Non,,Non
1615,TERRET NOIR N,non,Noir,Cuve,valide depuis le 01/01/1900,Non,,Non
405,SANTA PAULA B,non,Blanc,Multiplication,supprimé depuis le 01/01/2016,Non,,Non
8027,ROUCANEUF RS,non,Rose,Multiplication,supprimé depuis le 01/01/2016,Non,,Non
6080,CASTEL DIVERS,non,Indetermine,Cuve,supprimé depuis le 01/01/1900,Non,,Non
8020,SEYVE VIL.DIV.N,non,Noir,Cuve,supprimé depuis le 01/01/1900,Non,,Non
6085,CASTEL DIVERS B,non,Blanc,Cuve,supprimé depuis le 01/01/1900,Non,,Non
776,ISA B,non,Blanc,Table,supprimé depuis le 01/01/1900,Non,,Non
1503,PINOT BLANC B,non,Blanc,Cuve,valide depuis le 01/01/1900,Non,,Non
1623,TIBOUREN N,non,Noir,Cuve,valide depuis le 01/01/1900,Non,,Non
777,CLAIRETTE ROSE RS,non,Rose,Table,supprimé depuis le 01/01/1900,Non,,Non
774,PRIMA NOIR N,non,Noir,Table,supprimé depuis le 01/01/1900,Non,,Non
775,CLAIRETTE B,non,Blanc,Table,supprimé depuis le 01/01/1900,Non,,Non
772,SULIMA B,non,Blanc,Table,supprimé depuis le 01/01/1900,Non,,Non
770,ORA B,non,Blanc,Table,supprimé depuis le 01/01/1900,Non,,Non
771,OEILLADE N,non,Noir,Table,supprimé depuis le 01/01/1900,Non,,Non
1507,PINOT GRIS G,non,Gris,Cuve,valide depuis le 01/01/1900,Non,,Non
899,DIVERS TABLE EXPERIMENTAL,non,Indetermine,Table,supprimé depuis le 01/01/1900,Non,,Non
779,PERLETTE B,non,Blanc,Table,supprimé depuis le 01/01/1900,Non,,Non
6090,CASTEL DIVERS N,non,Noir,Cuve,supprimé depuis le 01/01/1900,Non,,Non
791,LIVAL N,non,Noir,Mixte,valide depuis le 01/01/2016,Non,délimitation départementale ajoutée,Oui
787,DANLAS B,non,Blanc,Mixte,valide depuis le 01/01/2016,Non,délimitation départementale ajoutée,Oui
303,TERMIDORO B,non,Blanc,Multiplication,supprimé depuis le 01/01/2016,Non,,Non
2603,MAYORQUIN B,non,Blanc,Cuve,valide depuis le 01/01/1900,Non,,Non
1513,SAINT LAURENT N,non,Noir,Multiplication,supprimé depuis le 01/01/2016,Non,,Non
301,ANGELO PIROVANO RS,non,Rose,Multiplication,supprimé depuis le 01/01/2016,Non,,Non
785,DANAM B,non,Blanc,Table,supprimé depuis le 01/01/1900,Non,,Non
1511,PINOT NOIR N,non,Noir,Cuve,valide depuis le 01/01/1900,Non,,Non
1631,UGNI BLANC B,non,Blanc,Cuve,valide depuis le 01/01/1900,Non,,Non
783,MUSC.ST.VALLIER B,non,Blanc,Multiplication,supprimé depuis le 01/01/2016,Non,,Non
781,DATT.ST.VALLIER B,non,Blanc,Multiplication,supprimé depuis le 01/01/2016,Non,,Non
789,DATAL B,non,Blanc,Table,supprimé depuis le 01/01/1900,Non,,Non
305,DELIZ. DI VAPRIO B,non,Blanc,Multiplication,supprimé depuis le 01/01/2016,Non,,Non
2605,PLANT VERT B,non,Blanc,Multiplication,supprimé depuis le 01/01/2016,Non,,Non
1516,PINOTAGE N,non,Noir,Cuve,valide depuis le 01/01/1900,Non,,Non
1515,PINOT PRECOCE N,non,Noir,Multiplication,supprimé depuis le 01/01/2016,Non,,Non
7071,PLANTET N,non,Noir,Cuve,valide depuis le 01/01/1900,Non,,Non
8043,VILLARD BLANC B,non,Blanc,Cuve,valide depuis le 01/01/1900,Non,,Non
7193,BELLANDAIS N,non,Noir,Multiplication,supprimé depuis le 01/01/2016,Non,,Non
1525,PIQUEPOUL GRIS G,non,Gris,Cuve,valide depuis le 01/01/1900,Non,,Non
799,DELRHO N,non,Noir,Table,supprimé depuis le 01/01/1900,Non,,Non
1523,PIQUEPOUL BOUSCH N,non,Noir,Multiplication,supprimé depuis le 01/01/2016,Non,,Non
1401,MONBADON B,non,Blanc,Cuve,valide depuis le 01/01/1900,Non,,Non
797,IGNEA RS,non,Rose,Table,supprimé depuis le 01/01/1900,Non,,Non
313,CICLOPICA B,non,Blanc,Multiplication,supprimé depuis le 01/01/2016,Non,,Non
1521,PIQUEPOUL BLANC B,non,Blanc,Cuve,valide depuis le 01/01/1900,Non,,Non
311,PERLONA B,non,Blanc,Multiplication,supprimé depuis le 01/01/2016,Non,,Non
1641,VALDIGUIE N,non,Noir,Cuve,valide depuis le 01/01/1900,Non,,Non
795,RIBOL N,non,Noir,Mixte,valide depuis le 01/01/2016,Non,délimitation départementale ajoutée,Oui
793,PERLAUT B,non,Blanc,Table,supprimé depuis le 01/01/1900,Non,,Non
1527,PIQUEPOUL NOIR N,non,Noir,Cuve,valide depuis le 01/01/1900,Non,,Non
317,SULTANA MOSCATA B,non,Blanc,Multiplication,supprimé depuis le 01/01/2016,Non,,Non
325,AURORA RS,non,Rose,Multiplication,supprimé depuis le 01/01/2016,Non,,Non
1415,MONDEUSE N,non,Noir,Cuve,valide depuis le 01/01/1900,Non,,Non
2623,BALLANGER,non,Indetermine,Multiplication,supprimé depuis le 01/01/2016,Non,,Non
1413,MONDEUSE GRISE G,non,Gris,Cuve,valide depuis le 12/02/2021,Non,,Non
323,PIROVANO 86 A N,non,Noir,Multiplication,supprimé depuis le 01/01/2016,Non,,Non
2501,ALEATICO N,non,Noir,Cuve,valide depuis le 01/01/1900,Non,,Non
1533,PORTAN N,non,Noir,Cuve,valide depuis le 01/01/1900,Non,,Non
203,MUSCAT TERRACINA B,non,Blanc,Multiplication,supprimé depuis le 01/01/2016,Non,,Non
321,BARBABLEU N,non,Noir,Multiplication,supprimé depuis le 01/01/2016,Non,,Non
2621,TRESSOT N,non,Noir,Cuve,valide depuis le 01/01/1900,Non,,Non
1411,MONDEUSE BLANCHE B,non,Blanc,Cuve,valide depuis le 01/01/1900,Non,,Non
443,FLAMING ROSE RS,non,Rose,Multiplication,supprimé depuis le 01/01/2016,Non,,Non
1531,PORTUGAIS BLEU N,non,Noir,Cuve,valide depuis le 01/01/1900,Non,,Non
1651,VIOGNIER B,non,Blanc,Cuve,valide depuis le 01/01/1900,Non,,Non
2509,BRUSTIANO B,non,Blanc,Multiplication,supprimé depuis le 01/01/2016,Non,,Non
2507,MONTANACCIO N,non,Noir,Multiplication,supprimé depuis le 01/01/2016,Non,,Non
327,ANGELO LONGO B,non,Blanc,Multiplication,supprimé depuis le 01/01/2016,Non,,Non
1416,MURISCU,non,Noir,Cuve,valide depuis le 30/08/2022,Oui,,Non
2505,BARBAROSSA RS,non,Rose,Cuve,supprimé depuis le 01/01/1900,Non,,Non
2999,DIVERS CUVE EXPERIMENTAL,non,Indetermine,Cuve,supprimé depuis le 01/01/2016,Non,,Non
2635,GRINGET B,non,Blanc,Cuve,valide depuis le 01/01/1900,Non,,Non
2514,VINTAGHJU N,non,Noir,Cuve,valide depuis le 14/03/2018,Non,,Non
337,MARIA PIROVANO B,non,Blanc,Multiplication,supprimé depuis le 01/01/2016,Non,,Non
2513,BRUSTIANU B,non,Blanc,Cuve,valide depuis le 14/03/2018,Non,,Non
2512,UVA BIANCONA B,non,Blanc,Cuve,valide depuis le 14/03/2018,Non,,Non
2633,GROS BOUSCHET N,non,Noir,Multiplication,supprimé depuis le 01/01/2016,Non,,Non
1665,MANSENG NOIR N,non,Noir,Cuve,valide depuis le 01/01/1900,Non,,Non
1301,JURANCON NOIR N,non,Noir,Cuve,valide depuis le 01/01/1900,Non,,Non
2511,CODIVARTA B.,non,Blanc,Cuve,valide depuis le 01/01/1900,Non,,Non
211,MME J.MATHIASZ RS,non,Rose,Multiplication,supprimé depuis le 01/01/2016,Non,,Non
1663,GROS MANSENG B,non,Blanc,Cuve,valide depuis le 01/01/1900,Non,,Non
2631,BALEILLE B,non,Blanc,Multiplication,supprimé depuis le 01/01/2016,Non,,Non
1421,GROS MORRAS.BOUS N,non,Noir,Multiplication,supprimé depuis le 01/01/2016,Non,,Non
1541,GRAISSE B,non,Blanc,Cuve,valide depuis le 01/01/1900,Non,,Non
2751,SERVANT B,non,Blanc,Cuve,supprimé depuis le 01/01/1900,Non,,Non
331,VOLTA N,non,Noir,Multiplication,supprimé depuis le 01/01/2016,Non,,Non
1661,PETIT MANSENG B,non,Blanc,Cuve,valide depuis le 01/01/1900,Non,,Non
2637,ROUSSETTE D'AYZE B,non,Blanc,Cuve,valide depuis le 01/01/1900,Non,,Non
8077,GARONNET N,non,Noir,Cuve,valide depuis le 01/01/1900,Non,,Non
1561,SAUVIGNON B,non,Blanc,Cuve,valide depuis le 01/01/1900,Non,,Non
1681,ODOLA N,non,Noir,Multiplication,supprimé depuis le 01/01/2016,Non,,Non
351,FORMOSA N,non,Noir,Multiplication,supprimé depuis le 01/01/2016,Non,,Non
2405,RIMINESE B,non,Blanc,Cuve,valide depuis le 01/01/1900,Non,,Non
2647,VALAIS NOIR N,non,Noir,Multiplication,supprimé depuis le 01/01/2016,Non,,Non
1558,ROUSSELI RS,non,Rose,Cuve,valide depuis le 01/01/1900,Non,"arrÃªtÃ© du 1er octobre 2018 qui remplace ""RosÃ© du Var Rs"" par ""Rousseli Rs"" publiÃ© JORF du 09/10/2018",Non
103,BESOUL KHADEM RG,non,Rouge,Multiplication,supprimé depuis le 01/01/2016,Non,,Non
2403,RIESLING B,non,Blanc,Cuve,valide depuis le 01/01/1900,Non,,Non
345,MARENGO B,non,Blanc,Multiplication,supprimé depuis le 01/01/2016,Non,,Non
1555,PRECOCE DE MALINGRE B,non,Blanc,Cuve,valide depuis le 01/01/1900,Non,,Non
1675,GROS VERDOT N,non,Noir,Multiplication,supprimé depuis le 01/01/2016,Non,,Non
1553,POULSARD N,non,Noir,Cuve,valide depuis le 01/01/1900,Non,,Non
1311,MACABEU B,non,Blanc,Cuve,valide depuis le 01/01/1900,Non,,Non
2521,MONICA NERA N,non,Noir,Multiplication,supprimé depuis le 01/01/2016,Non,,Non
341,RODI RS,non,Rose,Multiplication,supprimé depuis le 01/01/2016,Non,,Non
1673,PETIT VERDOT N,non,Noir,Cuve,valide depuis le 01/01/1900,Non,,Non
1431,MUSCADELLE B,non,Blanc,Cuve,valide depuis le 01/01/1900,Non,,Non
2641,SYLVANER ROUGE RG,non,Rouge,Multiplication,supprimé depuis le 01/01/2016,Non,,Non
1551,POULSARD BLANC B,non,Blanc,Multiplication,supprimé depuis le 01/01/2016,Non,,Non
2409,RIVAIRENC GRIS G,non,Gris,Cuve,valide depuis le 01/01/1900,Non,,Non
2408,RIVAIRENC BLANC B,non,Blanc,Cuve,valide depuis le 01/01/1900,Non,,Non
107,AHMEUR B AHMEUR RG,non,Rouge,Multiplication,supprimé depuis le 01/01/2016,Non,,Non
1451,MUSCAT DE COLMAR BLANC B,non,Blanc,Cuve,supprimé depuis le 01/01/1900,Non,,Non
1693,PERDEA B,non,Blanc,Cuve,valide depuis le 01/01/1900,Non,,Non
2661,VALENTIN B,non,Blanc,Multiplication,supprimé depuis le 01/01/2016,Non,,Non
241,PRUNE DE CAZOULS N,non,Noir,Multiplication,supprimé depuis le 01/01/2016,Non,,Non
1571,SAVAGNIN BLANC B,non,Blanc,Cuve,valide depuis le 01/01/1900,Non,,Non
8083,VILLARD NOIR N,non,Noir,Cuve,valide depuis le 01/01/1900,Non,,Non
1450,MUSCATS DIV.CUV.,non,Indetermine,Cuve,supprimé depuis le 01/01/1900,Non,,Non
237,PRECOCE MALINGRE B,non,Blanc,Multiplication,supprimé depuis le 01/01/2016,Non,,Non
1447,MUSCAT D'ALEXANDRIE B,non,Blanc,Mixte,valide depuis le 01/01/1900,Non,délimitation départementale ajoutée,Oui
117,BICANE B,non,Blanc,Multiplication,supprimé depuis le 01/01/2016,Non,,Non
1205,FOLIGNAN B,non,Blanc,Cuve,valide depuis le 01/01/1900,Non,,Non
1689,LILIORILA B,non,Blanc,Cuve,valide depuis le 01/01/1900,Non,,Non
2415,ROUSSANNE B,non,Blanc,Cuve,valide depuis le 01/01/1900,Non,,Non
2657,MALIVERNE,non,Indetermine,Multiplication,supprimé depuis le 01/01/2016,Non,,Non
1567,SAUVIGNON GRIS G,non,Gris,Cuve,valide depuis le 01/01/1900,Non,,Non
1445,MUSCAT DE HAMBOURG N,non,Noir,Mixte,valide depuis le 01/01/1900,Non,délimitation départementale ajoutée,Oui
115,ASPIRAN NOIR N,non,Noir,Multiplication,supprimé depuis le 01/01/2016,Non,,Non
2655,NEBIOLO PIEMONT N,non,Noir,Multiplication,supprimé depuis le 01/01/2016,Non,,Non
2413,ROUBLOT B,non,Blanc,Cuve,valide depuis le 01/01/1900,Non,,Non
1565,SAUVIGNON ROUGE RG,non,Rouge,Multiplication,supprimé depuis le 01/01/2016,Non,,Non
1685,ARINARNOA N,non,Noir,Cuve,valide depuis le 01/01/1900,Non,,Non
2411,ROMORANTIN B,non,Blanc,Cuve,valide depuis le 01/01/1900,Non,,Non
2653,DOLCETTO N,non,Noir,Cuve,valide depuis le 01/01/1900,Non,,Non
1443,MONERAC N,non,Noir,Cuve,valide depuis le 01/01/1900,Non,,Non
1201,FOLLE BLANCHE B,non,Blanc,Cuve,valide depuis le 01/01/1900,Non,,Non
2410,RIVAIRENC N,non,Noir,Cuve,valide depuis le 01/01/1900,Non,,Non
1563,SAUVIGNON ROSE RS,non,Rose,Multiplication,supprimé depuis le 01/01/1900,Non,,Non
1321,COT N,non,Noir,Cuve,valide depuis le 01/01/1900,Non,,Non
231,PANSE PROVENCE B,non,Blanc,Multiplication,supprimé depuis le 01/01/2016,Non,,Non
1683,EGIODOLA N,non,Noir,Cuve,valide depuis le 01/01/1900,Non,,Non
1441,MELON B,non,Blanc,Cuve,valide depuis le 01/01/1900,Non,,Non
2651,GRASSEN N,non,Noir,Cuve,valide depuis le 01/01/1900,Non,,Non
2419,ROUSSANNE VAR RS,non,Rose,Multiplication,supprimé depuis le 01/01/2016,Non,,Non
2417,SACY B,non,Blanc,Cuve,valide depuis le 01/01/1900,Non,,Non
